epoch,train_accuracy,train_loss,val_accuracy,val_loss,learning_rate
0,"tensor(0.2857, device='cuda:0')",4.5212914544580265,"tensor(0.2819, device='cuda:0')",4.578046679496765,0.1
1,"tensor(0.3213, device='cuda:0')",4.139295328556178,"tensor(0.3204, device='cuda:0')",4.184408903121948,0.1
2,"tensor(0.3666, device='cuda:0')",3.8647018088118097,"tensor(0.3625, device='cuda:0')",3.9286151826381683,0.1
3,"tensor(0.3914, device='cuda:0')",3.6792438492375847,"tensor(0.3887, device='cuda:0')",3.7516527324914932,0.1
4,"tensor(0.4281, device='cuda:0')",3.4325498589335033,"tensor(0.4263, device='cuda:0')",3.513935536146164,0.1
5,"tensor(0.4406, device='cuda:0')",3.3021145365836864,"tensor(0.4353, device='cuda:0')",3.3931934237480164,0.1
6,"tensor(0.4592, device='cuda:0')",3.17110036858378,"tensor(0.4519, device='cuda:0')",3.297854095697403,0.1
7,"tensor(0.4874, device='cuda:0')",2.9953569651700325,"tensor(0.4813, device='cuda:0')",3.1349111050367355,0.1
8,"tensor(0.4913, device='cuda:0')",2.9182260125744186,"tensor(0.4813, device='cuda:0')",3.0790463387966156,0.1
9,"tensor(0.4983, device='cuda:0')",2.825333749145138,"tensor(0.4833, device='cuda:0')",3.013900101184845,0.1
10,"tensor(0.5242, device='cuda:0')",2.6927885673119634,"tensor(0.5108, device='cuda:0')",2.8970839977264404,0.1
11,"tensor(0.5324, device='cuda:0')",2.6170165801363368,"tensor(0.5132, device='cuda:0')",2.8394627273082733,0.1
12,"tensor(0.5359, device='cuda:0')",2.5664001346159613,"tensor(0.5169, device='cuda:0')",2.8189576268196106,0.1
13,"tensor(0.5279, device='cuda:0')",2.539481767998918,"tensor(0.5092, device='cuda:0')",2.7850536555051804,0.1
14,"tensor(0.5574, device='cuda:0')",2.4028783453718683,"tensor(0.5333, device='cuda:0')",2.6922098100185394,0.1
15,"tensor(0.5689, device='cuda:0')",2.306041880326124,"tensor(0.5432, device='cuda:0')",2.6151488572359085,0.1
16,"tensor(0.5725, device='cuda:0')",2.257812347181043,"tensor(0.5394, device='cuda:0')",2.6013538539409637,0.1
17,"tensor(0.5673, device='cuda:0')",2.2478767255329353,"tensor(0.5331, device='cuda:0')",2.6075396686792374,0.1
18,"tensor(0.5921, device='cuda:0')",2.1235007210450028,"tensor(0.5551, device='cuda:0')",2.5008941292762756,0.1
19,"tensor(0.5925, device='cuda:0')",2.1180420013776433,"tensor(0.5542, device='cuda:0')",2.542833000421524,0.1
20,"tensor(0.5890, device='cuda:0')",2.1106195029708257,"tensor(0.5498, device='cuda:0')",2.536884978413582,0.1
21,"tensor(0.6175, device='cuda:0')",1.9342555805449968,"tensor(0.5684, device='cuda:0')",2.388617604970932,0.1
22,"tensor(0.6163, device='cuda:0')",1.92783618656024,"tensor(0.5640, device='cuda:0')",2.4185462594032288,0.1
23,"tensor(0.6068, device='cuda:0')",1.9517995665251946,"tensor(0.5504, device='cuda:0')",2.474634751677513,0.1
24,"tensor(0.6294, device='cuda:0')",1.8022750463779802,"tensor(0.5632, device='cuda:0')",2.3493796437978745,0.1
25,"tensor(0.6316, device='cuda:0')",1.7849760633208154,"tensor(0.5744, device='cuda:0')",2.3421813249588013,0.1
26,"tensor(0.6422, device='cuda:0')",1.7327415074020756,"tensor(0.5761, device='cuda:0')",2.3326954394578934,0.1
27,"tensor(0.6353, device='cuda:0')",1.724157342039016,"tensor(0.5623, device='cuda:0')",2.369227111339569,0.1
28,"tensor(0.6448, device='cuda:0')",1.6797625417226212,"tensor(0.5734, device='cuda:0')",2.3256602585315704,0.1
29,"tensor(0.6652, device='cuda:0')",1.5859611265459774,"tensor(0.5861, device='cuda:0')",2.2722975313663483,0.1
30,"tensor(0.6508, device='cuda:0')",1.6057092605183303,"tensor(0.5734, device='cuda:0')",2.3184937238693237,0.1
31,"tensor(0.6726, device='cuda:0')",1.5044799323649134,"tensor(0.5869, device='cuda:0')",2.266064792871475,0.1
32,"tensor(0.6760, device='cuda:0')",1.4695591795286944,"tensor(0.5835, device='cuda:0')",2.246684268116951,0.1
33,"tensor(0.6800, device='cuda:0')",1.4442321705398056,"tensor(0.5898, device='cuda:0')",2.2693249583244324,0.1
34,"tensor(0.6907, device='cuda:0')",1.3913365691768966,"tensor(0.5859, device='cuda:0')",2.2403000220656395,0.1
35,"tensor(0.6771, device='cuda:0')",1.3873444971534123,"tensor(0.5777, device='cuda:0')",2.2825030758976936,0.1
36,"tensor(0.6944, device='cuda:0')",1.343071464006071,"tensor(0.5887, device='cuda:0')",2.2715698704123497,0.1
37,"tensor(0.7096, device='cuda:0')",1.2434701759384592,"tensor(0.5926, device='cuda:0')",2.222638748586178,0.1
38,"tensor(0.7160, device='cuda:0')",1.225413449403998,"tensor(0.5901, device='cuda:0')",2.2223394215106964,0.1
39,"tensor(0.6826, device='cuda:0')",1.3548182136161737,"tensor(0.5721, device='cuda:0')",2.3659059405326843,0.1
40,"tensor(0.7030, device='cuda:0')",1.228431243203285,"tensor(0.5723, device='cuda:0')",2.291858561336994,0.1
41,"tensor(0.7282, device='cuda:0')",1.1243653886906375,"tensor(0.5930, device='cuda:0')",2.2285870015621185,0.1
42,"tensor(0.7500, device='cuda:0')",1.0384599618974761,"tensor(0.5982, device='cuda:0')",2.176840551197529,0.1
43,"tensor(0.7030, device='cuda:0')",1.188083512798805,"tensor(0.5555, device='cuda:0')",2.357210412621498,0.1
44,"tensor(0.7455, device='cuda:0')",1.0376715821579163,"tensor(0.5856, device='cuda:0')",2.2463448345661163,0.1
45,"tensor(0.7465, device='cuda:0')",1.0123449189809977,"tensor(0.5926, device='cuda:0')",2.251572348177433,0.1
46,"tensor(0.7607, device='cuda:0')",0.9506554363976492,"tensor(0.6024, device='cuda:0')",2.239067792892456,0.1
47,"tensor(0.7545, device='cuda:0')",0.9407206968063825,"tensor(0.5836, device='cuda:0')",2.260589510202408,0.1
48,"tensor(0.7460, device='cuda:0')",1.0102899140198325,"tensor(0.5831, device='cuda:0')",2.3323941379785538,0.05
49,"tensor(0.8061, device='cuda:0')",0.7586103152598579,"tensor(0.6107, device='cuda:0')",2.1737407371401787,0.05
50,"tensor(0.8151, device='cuda:0')",0.7255966053528933,"tensor(0.6103, device='cuda:0')",2.153788037598133,0.05
51,"tensor(0.8098, device='cuda:0')",0.7322935975333142,"tensor(0.6097, device='cuda:0')",2.1974788904190063,0.05
52,"tensor(0.8122, device='cuda:0')",0.7235463429652647,"tensor(0.6013, device='cuda:0')",2.196999378502369,0.05
53,"tensor(0.8207, device='cuda:0')",0.694728002674254,"tensor(0.6054, device='cuda:0')",2.199014775454998,0.05
54,"tensor(0.8173, device='cuda:0')",0.6827375072214572,"tensor(0.6001, device='cuda:0')",2.2151386588811874,0.05
55,"tensor(0.8266, device='cuda:0')",0.663962749066857,"tensor(0.6072, device='cuda:0')",2.207453526556492,0.05
56,"tensor(0.8335, device='cuda:0')",0.6381986583644598,"tensor(0.6076, device='cuda:0')",2.21632868796587,0.025
57,"tensor(0.8476, device='cuda:0')",0.5894342335310276,"tensor(0.6131, device='cuda:0')",2.1815627068281174,0.025
58,"tensor(0.8484, device='cuda:0')",0.5861640067090021,"tensor(0.6124, device='cuda:0')",2.1869851648807526,0.025
59,"tensor(0.8510, device='cuda:0')",0.5728683685678743,"tensor(0.6135, device='cuda:0')",2.1946457475423813,0.025
60,"tensor(0.8542, device='cuda:0')",0.5619639989956885,"tensor(0.6147, device='cuda:0')",2.193249486386776,0.025
61,"tensor(0.8547, device='cuda:0')",0.5555345952379546,"tensor(0.6132, device='cuda:0')",2.199440710246563,0.025
62,"tensor(0.8570, device='cuda:0')",0.5469801125941297,"tensor(0.6097, device='cuda:0')",2.2008052095770836,0.0125
63,"tensor(0.8628, device='cuda:0')",0.5309146094558522,"tensor(0.6110, device='cuda:0')",2.1902708411216736,0.0125
64,"tensor(0.8641, device='cuda:0')",0.5266834226342549,"tensor(0.6140, device='cuda:0')",2.1923708766698837,0.0125
65,"tensor(0.8643, device='cuda:0')",0.5221111890634251,"tensor(0.6140, device='cuda:0')",2.198872871696949,0.0125
66,"tensor(0.8668, device='cuda:0')",0.5152598870877128,"tensor(0.6110, device='cuda:0')",2.195644423365593,0.0125
67,"tensor(0.8684, device='cuda:0')",0.5106801353887315,"tensor(0.6135, device='cuda:0')",2.1951847672462463,0.0125
68,"tensor(0.8677, device='cuda:0')",0.5104026074320209,"tensor(0.6101, device='cuda:0')",2.204082816839218,0.00625
69,"tensor(0.8703, device='cuda:0')",0.5020848487048423,"tensor(0.6125, device='cuda:0')",2.1992881819605827,0.00625
70,"tensor(0.8713, device='cuda:0')",0.4993101307867907,"tensor(0.6130, device='cuda:0')",2.1992722675204277,0.00625
71,"tensor(0.8713, device='cuda:0')",0.49873352431515766,"tensor(0.6140, device='cuda:0')",2.2054730504751205,0.00625
72,"tensor(0.8718, device='cuda:0')",0.4960474503854298,"tensor(0.6130, device='cuda:0')",2.2049949541687965,0.00625
73,"tensor(0.8725, device='cuda:0')",0.4940258119468647,"tensor(0.6129, device='cuda:0')",2.2062358036637306,0.00625
74,"tensor(0.8729, device='cuda:0')",0.4907683600150541,"tensor(0.6145, device='cuda:0')",2.2064275592565536,0.003125
75,"tensor(0.8736, device='cuda:0')",0.48857596470658476,"tensor(0.6121, device='cuda:0')",2.2055942490696907,0.003125
76,"tensor(0.8739, device='cuda:0')",0.4880697719326103,"tensor(0.6125, device='cuda:0')",2.205174908041954,0.003125
77,"tensor(0.8742, device='cuda:0')",0.48722376382298405,"tensor(0.6128, device='cuda:0')",2.2072318121790886,0.003125
78,"tensor(0.8743, device='cuda:0')",0.4856627626828685,"tensor(0.6118, device='cuda:0')",2.2069541215896606,0.003125
79,"tensor(0.8751, device='cuda:0')",0.48345954384703993,"tensor(0.6117, device='cuda:0')",2.2074359878897667,0.003125
80,"tensor(0.8754, device='cuda:0')",0.48184314448927995,"tensor(0.6129, device='cuda:0')",2.2062175944447517,0.0015625
81,"tensor(0.8755, device='cuda:0')",0.48233218747088563,"tensor(0.6127, device='cuda:0')",2.2081694081425667,0.0015625
82,"tensor(0.8757, device='cuda:0')",0.4825347149949767,"tensor(0.6120, device='cuda:0')",2.2079900354146957,0.0015625
83,"tensor(0.8759, device='cuda:0')",0.4812059993260758,"tensor(0.6122, device='cuda:0')",2.208224795758724,0.0015625
84,"tensor(0.8758, device='cuda:0')",0.48097310500785645,"tensor(0.6121, device='cuda:0')",2.2093441411852837,0.0015625
85,"tensor(0.8761, device='cuda:0')",0.479713334451688,"tensor(0.6126, device='cuda:0')",2.2083255648612976,0.0015625
86,"tensor(0.8762, device='cuda:0')",0.4791006219413312,"tensor(0.6121, device='cuda:0')",2.2096394523978233,0.00078125
87,"tensor(0.8763, device='cuda:0')",0.47927695007313714,"tensor(0.6123, device='cuda:0')",2.2094915732741356,0.00078125
88,"tensor(0.8766, device='cuda:0')",0.4793529824932241,"tensor(0.6128, device='cuda:0')",2.2095200568437576,0.00078125
89,"tensor(0.8765, device='cuda:0')",0.4785642796544777,"tensor(0.6127, device='cuda:0')",2.2097666934132576,0.00078125
90,"tensor(0.8766, device='cuda:0')",0.4782915555170454,"tensor(0.6130, device='cuda:0')",2.210236005485058,0.00078125
91,"tensor(0.8766, device='cuda:0')",0.47813138595499133,"tensor(0.6121, device='cuda:0')",2.210941970348358,0.00078125
92,"tensor(0.8767, device='cuda:0')",0.47766516662904346,"tensor(0.6120, device='cuda:0')",2.2111582458019257,0.000390625
93,"tensor(0.8767, device='cuda:0')",0.47769006509087686,"tensor(0.6122, device='cuda:0')",2.2106883376836777,0.000390625
94,"tensor(0.8768, device='cuda:0')",0.4772861745651598,"tensor(0.6127, device='cuda:0')",2.2107240930199623,0.000390625
95,"tensor(0.8768, device='cuda:0')",0.4766426612889714,"tensor(0.6129, device='cuda:0')",2.2107438445091248,0.000390625
96,"tensor(0.8768, device='cuda:0')",0.4774937292290154,"tensor(0.6127, device='cuda:0')",2.2108424603939056,0.000390625
97,"tensor(0.8769, device='cuda:0')",0.47671707722846635,"tensor(0.6123, device='cuda:0')",2.2110323756933212,0.000390625
98,"tensor(0.8769, device='cuda:0')",0.47688916325569153,"tensor(0.6126, device='cuda:0')",2.211199976503849,0.0001953125
99,"tensor(0.8770, device='cuda:0')",0.47718295566573543,"tensor(0.6127, device='cuda:0')",2.2111714854836464,0.0001953125
